,var1,var2,var3,var4
0,0.0,25.0,40.0,1210.0
1,0.1001001001001001,25.05005005005005,40.02002002002002,1215.0900951001051
2,0.2002002002002002,25.1001001001001,40.04004004004004,1220.1902102302502
3,0.3003003003003003,25.15015015015015,40.06006006006006,1225.3003453904355
4,0.4004004004004004,25.2002002002002,40.08008008008008,1230.420500580661
5,0.5005005005005005,25.25025025025025,40.1001001001001,1235.5506758009262
6,0.6006006006006006,25.3003003003003,40.12012012012012,1240.6908710512312
7,0.7007007007007008,25.35035035035035,40.14014014014014,1245.841086331577
8,0.8008008008008008,25.4004004004004,40.16016016016016,1251.0013216419622
9,0.9009009009009009,25.45045045045045,40.18018018018018,1256.1715769823877
10,1.001001001001001,25.5005005005005,40.2002002002002,1261.3518523528533
11,1.1011011011011012,25.55055055055055,40.22022022022022,1266.542147753359
12,1.2012012012012012,25.6006006006006,40.24024024024024,1271.7424631839046
13,1.3013013013013013,25.65065065065065,40.26026026026026,1276.9527986444903
14,1.4014014014014016,25.7007007007007,40.28028028028028,1282.1731541351162
15,1.5015015015015016,25.75075075075075,40.3003003003003,1287.403529655782
16,1.6016016016016017,25.8008008008008,40.32032032032032,1292.643925206488
17,1.7017017017017018,25.85085085085085,40.34034034034034,1297.8943407872337
18,1.8018018018018018,25.9009009009009,40.36036036036036,1303.1547763980195
19,1.9019019019019021,25.95095095095095,40.38038038038038,1308.4252320388457
20,2.002002002002002,26.001001001001,40.4004004004004,1313.7057077097115
21,2.1021021021021022,26.05105105105105,40.42042042042042,1318.996203410618
22,2.2022022022022023,26.1011011011011,40.44044044044044,1324.296719141564
23,2.3023023023023024,26.15115115115115,40.46046046046046,1329.6072549025503
24,2.4024024024024024,26.2012012012012,40.48048048048048,1334.9278106935765
25,2.5025025025025025,26.25125125125125,40.5005005005005,1340.2583865146428
26,2.6026026026026026,26.3013013013013,40.52052052052052,1345.5989823657492
27,2.702702702702703,26.35135135135135,40.54054054054054,1350.9495982468954
28,2.802802802802803,26.4014014014014,40.56056056056056,1356.3102341580818
29,2.902902902902903,26.45145145145145,40.58058058058058,1361.6808900993085
30,3.0030030030030033,26.5015015015015,40.6006006006006,1367.061566070575
31,3.1031031031031033,26.55155155155155,40.62062062062062,1372.4522620718817
32,3.2032032032032034,26.6016016016016,40.64064064064064,1377.8529781032282
33,3.3033033033033035,26.65165165165165,40.66066066066066,1383.263714164615
34,3.4034034034034035,26.7017017017017,40.68068068068068,1388.6844702560418
35,3.5035035035035036,26.75175175175175,40.7007007007007,1394.1152463775086
36,3.6036036036036037,26.8018018018018,40.72072072072072,1399.5560425290155
37,3.7037037037037037,26.85185185185185,40.74074074074074,1405.0068587105625
38,3.8038038038038042,26.9019019019019,40.76076076076076,1410.4676949221491
39,3.9039039039039043,26.95195195195195,40.78078078078078,1415.9385511637763
40,4.004004004004004,27.002002002002,40.8008008008008,1421.4194274354434
41,4.104104104104104,27.05205205205205,40.82082082082082,1426.9103237371505
42,4.2042042042042045,27.1021021021021,40.84084084084084,1432.4112400688975
43,4.3043043043043046,27.15215215215215,40.86086086086086,1437.9221764306847
44,4.404404404404405,27.2022022022022,40.88088088088088,1443.4431328225123
45,4.504504504504505,27.25225225225225,40.9009009009009,1448.9741092443792
46,4.604604604604605,27.3023023023023,40.92092092092092,1454.5151056962868
47,4.704704704704705,27.35235235235235,40.94094094094094,1460.0661221782343
48,4.804804804804805,27.4024024024024,40.96096096096096,1465.6271586902217
49,4.904904904904905,27.45245245245245,40.98098098098098,1471.1982152322491
50,5.005005005005005,27.5025025025025,41.001001001001,1476.7792918043167
51,5.105105105105105,27.55255255255255,41.02102102102102,1482.3703884064246
52,5.205205205205205,27.6026026026026,41.04104104104104,1487.9715050385719
53,5.305305305305305,27.65265265265265,41.06106106106106,1493.5826417007597
54,5.405405405405406,27.7027027027027,41.08108108108108,1499.2037983929874
55,5.505505505505506,27.75275275275275,41.1011011011011,1504.8349751152552
56,5.605605605605606,27.802802802802802,41.12112112112112,1510.4761718675632
57,5.705705705705706,27.852852852852852,41.14114114114114,1516.127388649911
58,5.805805805805806,27.902902902902902,41.16116116116116,1521.7886254622993
59,5.9059059059059065,27.952952952952952,41.18118118118118,1527.459882304727
60,6.0060060060060065,28.003003003003002,41.2012012012012,1533.141159177195
61,6.106106106106107,28.053053053053052,41.22122122122122,1538.8324560797032
62,6.206206206206207,28.103103103103102,41.24124124124124,1544.5337730122515
63,6.306306306306307,28.153153153153152,41.26126126126126,1550.2451099748396
64,6.406406406406407,28.203203203203202,41.28128128128128,1555.9664669674678
65,6.506506506506507,28.253253253253252,41.3013013013013,1561.697843990136
66,6.606606606606607,28.303303303303302,41.32132132132132,1567.4392410428445
67,6.706706706706707,28.353353353353352,41.34134134134134,1573.1906581255928
68,6.806806806806807,28.403403403403402,41.36136136136136,1578.9520952383814
69,6.906906906906907,28.453453453453452,41.38138138138138,1584.72355238121
70,7.007007007007007,28.503503503503502,41.4014014014014,1590.5050295540782
71,7.107107107107107,28.553553553553552,41.42142142142142,1596.296526756987
72,7.207207207207207,28.603603603603602,41.44144144144144,1602.0980439899358
73,7.307307307307307,28.653653653653652,41.46146146146146,1607.9095812529245
74,7.407407407407407,28.703703703703702,41.48148148148148,1613.7311385459532
75,7.507507507507508,28.753753753753756,41.5015015015015,1619.5627158690224
76,7.6076076076076085,28.803803803803802,41.52152152152152,1625.404313222131
77,7.7077077077077085,28.853853853853856,41.54154154154154,1631.2559306052801
78,7.807807807807809,28.903903903903903,41.56156156156156,1637.1175680184688
79,7.907907907907909,28.953953953953956,41.58158158158158,1642.9892254616982
80,8.008008008008009,29.004004004004003,41.6016016016016,1648.870902934967
81,8.108108108108109,29.054054054054056,41.62162162162162,1654.7626004382764
82,8.208208208208209,29.104104104104103,41.64164164164164,1660.664317971625
83,8.308308308308309,29.154154154154156,41.66166166166166,1666.5760555350148
84,8.408408408408409,29.204204204204203,41.68168168168168,1672.4978131284436
85,8.508508508508509,29.254254254254256,41.7017017017017,1678.4295907519133
86,8.608608608608609,29.304304304304303,41.72172172172172,1684.3713884054223
87,8.70870870870871,29.354354354354356,41.74174174174174,1690.323206088972
88,8.80880880880881,29.404404404404403,41.76176176176176,1696.2850438025612
89,8.90890890890891,29.454454454454456,41.78178178178178,1702.256901546191
90,9.00900900900901,29.504504504504503,41.8018018018018,1708.2387793198604
91,9.10910910910911,29.554554554554556,41.82182182182182,1714.23067712357
92,9.20920920920921,29.604604604604603,41.84184184184184,1720.2325949573194
93,9.30930930930931,29.654654654654657,41.86186186186186,1726.2445328211097
94,9.40940940940941,29.704704704704703,41.88188188188188,1732.266490714939
95,9.50950950950951,29.754754754754757,41.9019019019019,1738.2984686388093
96,9.60960960960961,29.804804804804803,41.92192192192192,1744.3404665927187
97,9.70970970970971,29.854854854854857,41.94194194194194,1750.392484576669
98,9.80980980980981,29.904904904904903,41.96196196196196,1756.4545225906584
99,9.90990990990991,29.954954954954957,41.98198198198198,1762.5265806346888
100,10.01001001001001,30.005005005005003,42.002002002002,1768.6086587087586
101,10.11011011011011,30.055055055055057,42.02202202202202,1774.7007568128693
102,10.21021021021021,30.105105105105103,42.04204204204204,1780.8028749470186
103,10.31031031031031,30.155155155155157,42.06206206206206,1786.9150131112096
104,10.41041041041041,30.205205205205203,42.08208208208208,1793.0371713054394
105,10.51051051051051,30.255255255255257,42.1021021021021,1799.16934952971
106,10.61061061061061,30.305305305305303,42.12212212212212,1805.31154778402
107,10.710710710710712,30.355355355355357,42.14214214214214,1811.463766068371
108,10.810810810810812,30.405405405405407,42.16216216216216,1817.6260043827615
109,10.910910910910912,30.455455455455457,42.18218218218218,1823.7982627271917
110,11.011011011011012,30.505505505505507,42.2022022022022,1829.9805411016625
111,11.111111111111112,30.555555555555557,42.22222222222222,1836.172839506173
112,11.211211211211213,30.605605605605607,42.24224224224224,1842.375157940724
113,11.311311311311313,30.655655655655657,42.26226226226226,1848.5874964053144
114,11.411411411411413,30.705705705705707,42.28228228228228,1854.809854899945
115,11.511511511511513,30.755755755755757,42.3023023023023,1861.0422334246161
116,11.611611611611613,30.805805805805807,42.32232232232232,1867.2846319793268
117,11.711711711711713,30.855855855855857,42.34234234234234,1873.5370505640778
118,11.811811811811813,30.905905905905907,42.36236236236236,1879.7994891788687
119,11.911911911911913,30.955955955955957,42.38238238238238,1886.0719478236997
120,12.012012012012013,31.006006006006007,42.4024024024024,1892.3544264985708
121,12.112112112112113,31.056056056056057,42.42242242242242,1898.646925203482
122,12.212212212212213,31.106106106106107,42.44244244244244,1904.9494439384332
123,12.312312312312313,31.156156156156158,42.46246246246246,1911.2619827034243
124,12.412412412412413,31.206206206206208,42.48248248248248,1917.5845414984556
125,12.512512512512513,31.256256256256258,42.5025025025025,1923.917120323527
126,12.612612612612613,31.306306306306308,42.52252252252252,1930.2597191786383
127,12.712712712712714,31.356356356356358,42.54254254254254,1936.6123380637896
128,12.812812812812814,31.406406406406408,42.56256256256256,1942.9749769789812
129,12.912912912912914,31.456456456456458,42.58258258258258,1949.3476359242127
130,13.013013013013014,31.506506506506508,42.6026026026026,1955.7303148994843
131,13.113113113113114,31.556556556556558,42.62262262262262,1962.1230139047957
132,13.213213213213214,31.606606606606608,42.64264264264264,1968.5257329401477
133,13.313313313313314,31.656656656656658,42.66266266266266,1974.9384720055393
134,13.413413413413414,31.706706706706708,42.68268268268268,1981.3612311009708
135,13.513513513513514,31.756756756756758,42.7027027027027,1987.7940102264429
136,13.613613613613614,31.806806806806808,42.72272272272272,1994.2368093819546
137,13.713713713713714,31.856856856856858,42.74274274274274,2000.6896285675066
138,13.813813813813814,31.906906906906908,42.76276276276276,2007.1524677830987
139,13.913913913913914,31.956956956956958,42.78278278278278,2013.6253270287307
140,14.014014014014014,32.007007007007005,42.8028028028028,2020.108206304402
141,14.114114114114114,32.05705705705706,42.82282282282282,2026.601105610115
142,14.214214214214214,32.107107107107105,42.84284284284284,2033.1040249458665
143,14.314314314314315,32.15715715715716,42.86286286286286,2039.6169643116593
144,14.414414414414415,32.207207207207205,42.88288288288288,2046.139923707491
145,14.514514514514515,32.25725725725726,42.9029029029029,2052.6729031333634
146,14.614614614614615,32.307307307307305,42.92292292292292,2059.2159025892756
147,14.714714714714715,32.35735735735736,42.94294294294294,2065.7689220752286
148,14.814814814814815,32.407407407407405,42.96296296296296,2072.3319615912205
149,14.914914914914915,32.45745745745746,42.98298298298298,2078.9050211372537
150,15.015015015015017,32.50750750750751,43.003003003003,2085.4881007133263
151,15.115115115115117,32.55755755755756,43.02302302302302,2092.0812003194387
152,15.215215215215217,32.607607607607605,43.04304304304304,2098.684319955591
153,15.315315315315317,32.65765765765766,43.06306306306306,2105.297459621784
154,15.415415415415417,32.70770770770771,43.08308308308308,2111.920619318017
155,15.515515515515517,32.75775775775776,43.1031031031031,2118.5537990442895
156,15.615615615615617,32.807807807807805,43.12312312312312,2125.196998800602
157,15.715715715715717,32.85785785785786,43.14314314314314,2131.850218586955
158,15.815815815815817,32.90790790790791,43.16316316316316,2138.513458403349
159,15.915915915915917,32.95795795795796,43.18318318318318,2145.1867182497813
160,16.016016016016017,33.008008008008005,43.2032032032032,2151.8699981262544
161,16.116116116116117,33.05805805805806,43.22322322322322,2158.5632980327678
162,16.216216216216218,33.10810810810811,43.24324324324324,2165.266617969321
163,16.316316316316318,33.15815815815816,43.26326326326326,2171.979957935914
164,16.416416416416418,33.208208208208205,43.28328328328328,2178.7033179325467
165,16.516516516516518,33.25825825825826,43.3033033033033,2185.4366979592205
166,16.616616616616618,33.30830830830831,43.32332332332332,2192.1800980159346
167,16.716716716716718,33.35835835835836,43.34334334334334,2198.9335181026872
168,16.816816816816818,33.408408408408405,43.36336336336336,2205.69695821948
169,16.916916916916918,33.45845845845846,43.38338338338338,2212.4704183663143
170,17.017017017017018,33.50850850850851,43.4034034034034,2219.2538985431884
171,17.117117117117118,33.55855855855856,43.42342342342342,2226.0473987501014
172,17.217217217217218,33.608608608608606,43.44344344344344,2232.8509189870547
173,17.31731731731732,33.65865865865866,43.46346346346346,2239.664459254049
174,17.41741741741742,33.70870870870871,43.48348348348348,2246.488019551083
175,17.51751751751752,33.75875875875876,43.5035035035035,2253.3215998781566
176,17.61761761761762,33.808808808808806,43.52352352352352,2260.16520023527
177,17.71771771771772,33.85885885885886,43.54354354354354,2267.0188206224243
178,17.81781781781782,33.90890890890891,43.56356356356356,2273.8824610396186
179,17.91791791791792,33.95895895895896,43.58358358358358,2280.756121486852
180,18.01801801801802,34.009009009009006,43.6036036036036,2287.639801964126
181,18.11811811811812,34.05905905905906,43.62362362362362,2294.5335024714404
182,18.21821821821822,34.10910910910911,43.64364364364364,2301.4372230087947
183,18.31831831831832,34.15915915915916,43.66366366366366,2308.350963576189
184,18.41841841841842,34.209209209209206,43.68368368368368,2315.2747241736224
185,18.51851851851852,34.25925925925926,43.7037037037037,2322.208504801097
186,18.61861861861862,34.30930930930931,43.72372372372372,2329.1523054586123
187,18.71871871871872,34.35935935935936,43.74374374374374,2336.106126146166
188,18.81881881881882,34.409409409409406,43.76376376376376,2343.0699668637603
189,18.91891891891892,34.45945945945946,43.78378378378378,2350.043827611395
190,19.01901901901902,34.50950950950951,43.8038038038038,2357.0277083890705
191,19.11911911911912,34.55955955955956,43.82382382382382,2364.0216091967845
192,19.21921921921922,34.609609609609606,43.84384384384384,2371.0255300345384
193,19.31931931931932,34.65965965965966,43.86386386386386,2378.0394709023335
194,19.41941941941942,34.70970970970971,43.88388388388388,2385.063431800169
195,19.51951951951952,34.75975975975976,43.9039039039039,2392.0974127280433
196,19.61961961961962,34.809809809809806,43.92392392392392,2399.1414136859576
197,19.71971971971972,34.85985985985986,43.94394394394394,2406.195434673913
198,19.81981981981982,34.90990990990991,43.96396396396396,2413.2594756919084
199,19.91991991991992,34.95995995995996,43.98398398398398,2420.333536739943
200,20.02002002002002,35.01001001001001,44.004004004004,2427.417617818018
201,20.12012012012012,35.06006006006006,44.02402402402402,2434.511718926133
202,20.22022022022022,35.110110110110114,44.04404404404404,2441.6158400642894
203,20.32032032032032,35.16016016016016,44.06406406406406,2448.7299812324836
204,20.42042042042042,35.21021021021021,44.08408408408408,2455.854142430718
205,20.52052052052052,35.26026026026026,44.1041041041041,2462.9883236589944
206,20.62062062062062,35.310310310310314,44.12412412412412,2470.13252491731
207,20.72072072072072,35.36036036036036,44.14414414414414,2477.2867462056647
208,20.82082082082082,35.41041041041041,44.16416416416416,2484.45098752406
209,20.92092092092092,35.46046046046046,44.18418418418418,2491.625248872496
210,21.02102102102102,35.510510510510514,44.2042042042042,2498.8095302509723
211,21.12112112112112,35.56056056056056,44.22422422422422,2506.0038316594873
212,21.22122122122122,35.61061061061061,44.24424424424424,2513.208153098042
213,21.32132132132132,35.66066066066066,44.26426426426426,2520.4224945666388
214,21.421421421421424,35.710710710710714,44.28428428428428,2527.6468560652747
215,21.521521521521525,35.76076076076076,44.3043043043043,2534.88123759395
216,21.621621621621625,35.810810810810814,44.32432432432432,2542.1256391526667
217,21.721721721721725,35.86086086086086,44.34434434434434,2549.380060741422
218,21.821821821821825,35.910910910910914,44.36436436436436,2556.644502360218
219,21.921921921921925,35.96096096096096,44.38438438438438,2563.9189640090544
220,22.022022022022025,36.011011011011014,44.4044044044044,2571.2034456879305
221,22.122122122122125,36.06106106106106,44.42442442442442,2578.497947396846
222,22.222222222222225,36.111111111111114,44.44444444444444,2585.8024691358028
223,22.322322322322325,36.16116116116116,44.46446446446446,2593.1170109047985
224,22.422422422422425,36.211211211211214,44.48448448448448,2600.441572703836
225,22.522522522522525,36.26126126126126,44.5045045045045,2607.7761545329113
226,22.622622622622625,36.311311311311314,44.52452452452452,2615.120756392028
227,22.722722722722725,36.36136136136136,44.54454454454454,2622.475378281184
228,22.822822822822825,36.411411411411414,44.56456456456456,2629.840020200381
229,22.922922922922925,36.46146146146146,44.58458458458458,2637.214682149617
230,23.023023023023026,36.511511511511515,44.6046046046046,2644.599364128894
231,23.123123123123126,36.56156156156156,44.62462462462462,2651.99406613821
232,23.223223223223226,36.611611611611615,44.64464464464464,2659.398788177567
233,23.323323323323326,36.66166166166166,44.66466466466466,2666.8135302469636
234,23.423423423423426,36.711711711711715,44.68468468468468,2674.238292346401
235,23.523523523523526,36.76176176176176,44.7047047047047,2681.673074475877
236,23.623623623623626,36.811811811811815,44.72472472472472,2689.1178766353946
237,23.723723723723726,36.86186186186186,44.74474474474474,2696.5726988249507
238,23.823823823823826,36.911911911911915,44.76476476476476,2704.0375410445486
239,23.923923923923926,36.96196196196196,44.78478478478478,2711.5124032941853
240,24.024024024024026,37.012012012012015,44.8048048048048,2718.9972855738624
241,24.124124124124126,37.06206206206206,44.82482482482482,2726.4921878835794
242,24.224224224224226,37.112112112112115,44.84484484484484,2733.9971102233367
243,24.324324324324326,37.16216216216216,44.86486486486486,2741.5120525931334
244,24.424424424424426,37.212212212212215,44.88488488488488,2749.0370149929718
245,24.524524524524526,37.26226226226226,44.9049049049049,2756.571997422848
246,24.624624624624627,37.312312312312315,44.92492492492492,2764.116999882766
247,24.724724724724727,37.36236236236236,44.94494494494494,2771.672022372723
248,24.824824824824827,37.412412412412415,44.96496496496496,2779.237064892721
249,24.924924924924927,37.46246246246246,44.98498498498498,2786.812127442758
250,25.025025025025027,37.512512512512515,45.005005005005,2794.397210022836
251,25.125125125125127,37.56256256256256,45.02502502502502,2801.992312632953
252,25.225225225225227,37.612612612612615,45.04504504504504,2809.5974352731114
253,25.325325325325327,37.66266266266266,45.06506506506506,2817.2125779433086
254,25.425425425425427,37.712712712712715,45.08508508508508,2824.837740643547
255,25.525525525525527,37.76276276276276,45.1051051051051,2832.4729233738244
256,25.625625625625627,37.812812812812815,45.12512512512512,2840.1181261341426
257,25.725725725725727,37.86286286286286,45.14514514514514,2847.7733489244997
258,25.825825825825827,37.912912912912915,45.16516516516516,2855.4385917448985
259,25.925925925925927,37.96296296296296,45.18518518518518,2863.113854595336
260,26.026026026026027,38.013013013013015,45.2052052052052,2870.7991374758144
261,26.126126126126128,38.06306306306306,45.22522522522522,2878.4944403863324
262,26.226226226226228,38.113113113113116,45.24524524524524,2886.1997633268907
263,26.326326326326328,38.16316316316316,45.26526526526526,2893.9151062974884
264,26.426426426426428,38.213213213213216,45.28528528528528,2901.6404692981278
265,26.526526526526528,38.26326326326326,45.3053053053053,2909.375852328805
266,26.626626626626628,38.313313313313316,45.32532532532532,2917.1212553895243
267,26.726726726726728,38.36336336336336,45.34534534534534,2924.876678480282
268,26.826826826826828,38.413413413413416,45.36536536536536,2932.6421216010804
269,26.926926926926928,38.46346346346346,45.38538538538538,2940.417584751919
270,27.027027027027028,38.513513513513516,45.4054054054054,2948.203067932798
271,27.127127127127128,38.56356356356356,45.42542542542542,2955.9985711437157
272,27.227227227227228,38.613613613613616,45.44544544544544,2963.8040943846754
273,27.32732732732733,38.66366366366366,45.46546546546546,2971.619637655673
274,27.42742742742743,38.713713713713716,45.48548548548548,2979.4452009567126
275,27.52752752752753,38.76376376376376,45.5055055055055,2987.2807842877914
276,27.62762762762763,38.813813813813816,45.525525525525524,2995.12638764891
277,27.72772772772773,38.86386386386386,45.545545545545544,3002.9820110400688
278,27.82782782782783,38.913913913913916,45.565565565565564,3010.847654461268
279,27.92792792792793,38.96396396396396,45.585585585585584,3018.723317912507
280,28.02802802802803,39.014014014014016,45.605605605605604,3026.609001393787
281,28.12812812812813,39.06406406406406,45.625625625625624,3034.504704905105
282,28.22822822822823,39.114114114114116,45.645645645645644,3042.4104284464647
283,28.32832832832833,39.16416416416416,45.665665665665664,3050.326172017864
284,28.42842842842843,39.214214214214216,45.685685685685684,3058.2519356193034
285,28.52852852852853,39.26426426426426,45.705705705705704,3066.187719250782
286,28.62862862862863,39.314314314314316,45.725725725725724,3074.133522912302
287,28.72872872872873,39.36436436436436,45.745745745745744,3082.0893466038606
288,28.82882882882883,39.414414414414416,45.765765765765764,3090.055190325461
289,28.92892892892893,39.46446446446446,45.785785785785784,3098.0310540771
290,29.02902902902903,39.51451451451452,45.805805805805804,3106.01693785878
291,29.12912912912913,39.56456456456456,45.825825825825824,3114.0128416704993
292,29.22922922922923,39.61461461461462,45.845845845845844,3122.018765512259
293,29.32932932932933,39.66466466466466,45.865865865865864,3130.0347093840587
294,29.42942942942943,39.71471471471472,45.885885885885884,3138.060673285899
295,29.52952952952953,39.76476476476476,45.905905905905904,3146.096657217778
296,29.62962962962963,39.81481481481482,45.925925925925924,3154.1426611796983
297,29.72972972972973,39.86486486486486,45.945945945945944,3162.198685171658
298,29.82982982982983,39.91491491491492,45.965965965965964,3170.2647291936587
299,29.929929929929934,39.96496496496496,45.985985985985984,3178.3407932456976
300,30.030030030030034,40.01501501501502,46.006006006006004,3186.4268773277786
301,30.130130130130134,40.06506506506507,46.026026026026024,3194.522981439899
302,30.230230230230234,40.11511511511512,46.046046046046044,3202.629105582059
303,30.330330330330334,40.16516516516516,46.066066066066064,3210.7452497542586
304,30.430430430430434,40.21521521521522,46.086086086086084,3218.8714139564995
305,30.530530530530534,40.26526526526527,46.106106106106104,3227.0075981887803
306,30.630630630630634,40.31531531531532,46.126126126126124,3235.1538024511
307,30.730730730730734,40.36536536536536,46.146146146146144,3243.3100267434597
308,30.830830830830834,40.41541541541542,46.166166166166164,3251.476271065861
309,30.930930930930934,40.46546546546547,46.186186186186184,3259.6525354183023
310,31.031031031031034,40.51551551551552,46.206206206206204,3267.838819800782
311,31.131131131131134,40.565565565565564,46.226226226226224,3276.035124213302
312,31.231231231231234,40.61561561561562,46.246246246246244,3284.241448655863
313,31.331331331331334,40.66566566566567,46.266266266266264,3292.457793128465
314,31.431431431431434,40.71571571571572,46.286286286286284,3300.684157631105
315,31.531531531531535,40.765765765765764,46.306306306306304,3308.920542163785
316,31.631631631631635,40.81581581581582,46.326326326326324,3317.1669467265065
317,31.731731731731735,40.86586586586587,46.346346346346344,3325.423371319268
318,31.831831831831835,40.91591591591592,46.366366366366364,3333.6898159420684
319,31.931931931931935,40.965965965965964,46.386386386386384,3341.966280594909
320,32.032032032032035,41.01601601601602,46.406406406406404,3350.2527652777903
321,32.132132132132135,41.06606606606607,46.426426426426424,3358.5492699907118
322,32.232232232232235,41.11611611611612,46.446446446446444,3366.8557947336726
323,32.332332332332335,41.166166166166164,46.466466466466464,3375.172339506674
324,32.432432432432435,41.21621621621622,46.486486486486484,3383.4989043097153
325,32.532532532532535,41.26626626626627,46.506506506506504,3391.8354891427975
326,32.632632632632635,41.31631631631632,46.526526526526524,3400.182094005918
327,32.732732732732735,41.366366366366364,46.546546546546544,3408.538718899079
328,32.832832832832835,41.41641641641642,46.566566566566564,3416.9053638222813
329,32.932932932932935,41.46646646646647,46.586586586586584,3425.282028775523
330,33.033033033033036,41.51651651651652,46.606606606606604,3433.668713758804
331,33.133133133133136,41.566566566566564,46.626626626626624,3442.065418772125
332,33.233233233233236,41.61661661661662,46.646646646646644,3450.472143815487
333,33.333333333333336,41.66666666666667,46.666666666666664,3458.88888888889
334,33.433433433433436,41.71671671671672,46.686686686686684,3467.315653992331
335,33.533533533533536,41.766766766766764,46.706706706706704,3475.752439125812
336,33.633633633633636,41.81681681681682,46.726726726726724,3484.1992442893347
337,33.733733733733736,41.86686686686687,46.746746746746744,3492.656069482897
338,33.833833833833836,41.91691691691692,46.766766766766764,3501.1229147064982
339,33.933933933933936,41.966966966966964,46.786786786786784,3509.59977996014
340,34.034034034034036,42.01701701701702,46.806806806806804,3518.0866652438226
341,34.134134134134136,42.06706706706707,46.826826826826824,3526.5835705575455
342,34.234234234234236,42.11711711711712,46.846846846846844,3535.0904959013073
343,34.334334334334336,42.167167167167165,46.866866866866864,3543.6074412751086
344,34.434434434434436,42.21721721721722,46.886886886886884,3552.1344066789516
345,34.53453453453454,42.26726726726727,46.906906906906904,3560.6713921128344
346,34.63463463463464,42.31731731731732,46.926926926926924,3569.2183975767557
347,34.73473473473474,42.367367367367365,46.946946946946944,3577.7754230707183
348,34.83483483483484,42.41741741741742,46.966966966966964,3586.342468594721
349,34.93493493493494,42.46746746746747,46.986986986986985,3594.919534148764
350,35.03503503503504,42.51751751751752,47.007007007007005,3603.506619732846
351,35.13513513513514,42.567567567567565,47.027027027027025,3612.103725346968
352,35.23523523523524,42.61761761761762,47.047047047047045,3620.7108509911313
353,35.33533533533534,42.66766766766767,47.067067067067065,3629.327996665335
354,35.43543543543544,42.71771771771772,47.087087087087085,3637.955162369577
355,35.53553553553554,42.767767767767765,47.107107107107105,3646.5923481038594
356,35.63563563563564,42.81781781781782,47.127127127127125,3655.2395538681826
357,35.73573573573574,42.86786786786787,47.147147147147145,3663.896779662546
358,35.83583583583584,42.91791791791792,47.167167167167165,3672.5640254869486
359,35.93593593593594,42.967967967967965,47.187187187187185,3681.241291341391
360,36.03603603603604,43.01801801801802,47.207207207207205,3689.9285772258745
361,36.13613613613614,43.06806806806807,47.227227227227225,3698.6258831403984
362,36.23623623623624,43.11811811811812,47.247247247247245,3707.3332090849613
363,36.33633633633634,43.168168168168165,47.267267267267265,3716.0505550595635
364,36.43643643643644,43.21821821821822,47.287287287287285,3724.7779210642075
365,36.53653653653654,43.26826826826827,47.307307307307305,3733.5153070988913
366,36.63663663663664,43.31831831831832,47.327327327327325,3742.262713163614
367,36.73673673673674,43.368368368368365,47.347347347347345,3751.020139258377
368,36.83683683683684,43.41841841841842,47.367367367367365,3759.787585383181
369,36.93693693693694,43.46846846846847,47.387387387387385,3768.5650515380253
370,37.03703703703704,43.51851851851852,47.407407407407405,3777.352537722908
371,37.13713713713714,43.568568568568566,47.427427427427425,3786.150043937831
372,37.23723723723724,43.61861861861862,47.447447447447445,3794.9575701827957
373,37.33733733733734,43.66866866866867,47.467467467467465,3803.7751164578
374,37.43743743743744,43.71871871871872,47.487487487487485,3812.602682762843
375,37.53753753753754,43.768768768768766,47.507507507507505,3821.4402690979264
376,37.63763763763764,43.81881881881882,47.527527527527525,3830.2878754630506
377,37.73773773773774,43.86886886886887,47.547547547547545,3839.145501858215
378,37.83783783783784,43.91891891891892,47.567567567567565,3848.0131482834186
379,37.93793793793794,43.968968968968966,47.587587587587585,3856.890814738662
380,38.03803803803804,44.01901901901902,47.607607607607605,3865.778501223947
381,38.13813813813814,44.06906906906907,47.627627627627625,3874.6762077392714
382,38.23823823823824,44.11911911911912,47.647647647647645,3883.5839342846352
383,38.33833833833834,44.169169169169166,47.667667667667665,3892.501680860039
384,38.43843843843844,44.21921921921922,47.687687687687685,3901.4294474654835
385,38.53853853853854,44.26926926926927,47.707707707707705,3910.3672341009683
386,38.63863863863864,44.31931931931932,47.727727727727725,3919.315040766492
387,38.73873873873874,44.369369369369366,47.747747747747745,3928.272867462056
388,38.83883883883884,44.41941941941942,47.767767767767765,3937.240714187661
389,38.93893893893894,44.46946946946947,47.787787787787785,3946.2185809433063
390,39.03903903903904,44.51951951951952,47.807807807807805,3955.20646772899
391,39.13913913913914,44.569569569569566,47.827827827827825,3964.2043745447145
392,39.23923923923924,44.61961961961962,47.847847847847845,3973.2123013904798
393,39.33933933933934,44.66966966966967,47.867867867867865,3982.230248266285
394,39.43943943943944,44.71971971971972,47.887887887887885,3991.2582151721294
395,39.53953953953954,44.769769769769766,47.907907907907905,4000.2962021080134
396,39.63963963963964,44.81981981981982,47.927927927927925,4009.3442090739386
397,39.73973973973974,44.86986986986987,47.947947947947945,4018.4022360699046
398,39.83983983983984,44.91991991991992,47.967967967967965,4027.4702830959086
399,39.93993993993994,44.969969969969966,47.987987987987985,4036.548350151953
400,40.04004004004004,45.02002002002002,48.008008008008005,4045.636437238039
401,40.14014014014014,45.070070070070074,48.02802802802803,4054.734544354165
402,40.24024024024024,45.12012012012012,48.048048048048045,4063.842671500329
403,40.34034034034034,45.17017017017017,48.06806806806807,4072.9608186765336
404,40.44044044044044,45.22022022022022,48.088088088088085,4082.08898588278
405,40.54054054054054,45.270270270270274,48.10810810810811,4091.2271731190663
406,40.64064064064064,45.32032032032032,48.128128128128125,4100.375380385391
407,40.74074074074074,45.37037037037037,48.14814814814815,4109.533607681756
408,40.84084084084084,45.42042042042042,48.168168168168165,4118.70185500816
409,40.94094094094094,45.470470470470474,48.18818818818819,4127.880122364608
410,41.04104104104104,45.52052052052052,48.208208208208205,4137.068409751093
411,41.14114114114114,45.57057057057057,48.22822822822823,4146.266717167617
412,41.24124124124124,45.62062062062062,48.248248248248245,4155.475044614183
413,41.34134134134134,45.670670670670674,48.26826826826827,4164.6933920907895
414,41.44144144144144,45.72072072072072,48.288288288288285,4173.921759597435
415,41.54154154154154,45.77077077077077,48.30830830830831,4183.160147134121
416,41.64164164164164,45.82082082082082,48.328328328328325,4192.408554700847
417,41.74174174174174,45.870870870870874,48.34834834834835,4201.666982297614
418,41.84184184184184,45.92092092092092,48.368368368368365,4210.935429924419
419,41.94194194194194,45.97097097097097,48.38838838838839,4220.213897581264
420,42.04204204204204,46.02102102102102,48.408408408408405,4229.502385268151
421,42.14214214214214,46.071071071071074,48.42842842842843,4238.800892985078
422,42.24224224224224,46.12112112112112,48.448448448448445,4248.109420732044
423,42.34234234234234,46.17117117117117,48.46846846846847,4257.427968509048
424,42.44244244244244,46.22122122122122,48.488488488488485,4266.756536316096
425,42.54254254254254,46.271271271271274,48.50850850850851,4276.095124153183
426,42.64264264264264,46.32132132132132,48.528528528528525,4285.443732020309
427,42.74274274274275,46.371371371371374,48.54854854854855,4294.802359917476
428,42.84284284284285,46.42142142142143,48.568568568568566,4304.171007844682
429,42.94294294294295,46.471471471471475,48.58858858858859,4313.549675801929
430,43.04304304304305,46.52152152152152,48.608608608608606,4322.938363789214
431,43.14314314314315,46.571571571571575,48.62862862862863,4332.337071806542
432,43.24324324324325,46.62162162162163,48.648648648648646,4341.745799853909
433,43.34334334334335,46.671671671671675,48.66866866866867,4351.164547931315
434,43.44344344344345,46.72172172172172,48.688688688688686,4360.593316038761
435,43.54354354354355,46.771771771771775,48.70870870870871,4370.032104176249
436,43.64364364364365,46.82182182182183,48.728728728728726,4379.480912343776
437,43.74374374374375,46.871871871871875,48.74874874874875,4388.939740541343
438,43.84384384384385,46.92192192192192,48.768768768768766,4398.40858876895
439,43.94394394394395,46.971971971971975,48.78878878878879,4407.887457026596
440,44.04404404404405,47.02202202202203,48.808808808808806,4417.376345314285
441,44.14414414414415,47.072072072072075,48.82882882882883,4426.875253632011
442,44.24424424424425,47.12212212212212,48.848848848848846,4436.384181979777
443,44.34434434434435,47.172172172172175,48.86886886886887,4445.903130357586
444,44.44444444444445,47.22222222222223,48.888888888888886,4455.432098765434
445,44.54454454454455,47.272272272272275,48.90890890890891,4464.97108720332
446,44.64464464464465,47.32232232232232,48.928928928928926,4474.520095671246
447,44.74474474474475,47.372372372372375,48.94894894894895,4484.079124169215
448,44.84484484484485,47.42242242242243,48.968968968968966,4493.648172697223
449,44.94494494494495,47.472472472472475,48.98898898898899,4503.227241255269
450,45.04504504504505,47.52252252252252,49.009009009009006,4512.816329843357
451,45.14514514514515,47.572572572572575,49.02902902902903,4522.415438461485
452,45.24524524524525,47.62262262262263,49.049049049049046,4532.024567109654
453,45.34534534534535,47.672672672672675,49.06906906906907,4541.643715787861
454,45.44544544544545,47.72272272272272,49.089089089089086,4551.2728844961075
455,45.54554554554555,47.772772772772775,49.10910910910911,4560.912073234396
456,45.64564564564565,47.82282282282283,49.129129129129126,4570.5612820027245
457,45.74574574574575,47.872872872872875,49.14914914914915,4580.220510801092
458,45.84584584584585,47.92292292292292,49.169169169169166,4589.889759629499
459,45.94594594594595,47.972972972972975,49.18918918918919,4599.569028487947
460,46.04604604604605,48.02302302302303,49.209209209209206,4609.258317376437
461,46.14614614614615,48.073073073073076,49.22922922922923,4618.957626294963
462,46.24624624624625,48.12312312312312,49.249249249249246,4628.666955243531
463,46.34634634634635,48.173173173173176,49.26926926926927,4638.386304222141
464,46.44644644644645,48.22322322322323,49.289289289289286,4648.115673230789
465,46.54654654654655,48.273273273273276,49.30930930930931,4657.8550622694775
466,46.64664664664665,48.32332332332332,49.329329329329326,4667.604471338204
467,46.74674674674675,48.373373373373376,49.34934934934935,4677.363900436973
468,46.84684684684685,48.42342342342343,49.369369369369366,4687.133349565784
469,46.94694694694695,48.473473473473476,49.38938938938939,4696.9128187246315
470,47.04704704704705,48.52352352352352,49.409409409409406,4706.702307913519
471,47.14714714714715,48.573573573573576,49.42942942942943,4716.501817132448
472,47.24724724724725,48.62362362362363,49.449449449449446,4726.311346381418
473,47.34734734734735,48.673673673673676,49.46946946946947,4736.130895660425
474,47.44744744744745,48.72372372372372,49.489489489489486,4745.960464969474
475,47.54754754754755,48.773773773773776,49.50950950950951,4755.800054308564
476,47.64764764764765,48.82382382382383,49.529529529529526,4765.649663677693
477,47.74774774774775,48.873873873873876,49.54954954954955,4775.509293076861
478,47.84784784784785,48.92392392392392,49.569569569569566,4785.3789425060695
479,47.94794794794795,48.973973973973976,49.58958958958959,4795.25861196532
480,48.04804804804805,49.02402402402403,49.609609609609606,4805.148301454609
481,48.14814814814815,49.074074074074076,49.62962962962963,4815.048010973937
482,48.24824824824825,49.12412412412412,49.649649649649646,4824.957740523306
483,48.34834834834835,49.174174174174176,49.66966966966967,4834.8774901027155
484,48.44844844844845,49.22422422422423,49.689689689689686,4844.807259712165
485,48.54854854854855,49.274274274274276,49.70970970970971,4854.747049351655
486,48.64864864864865,49.32432432432432,49.729729729729726,4864.696859021183
487,48.74874874874875,49.374374374374376,49.74974974974975,4874.656688720753
488,48.84884884884885,49.42442442442443,49.769769769769766,4884.626538450364
489,48.94894894894895,49.474474474474476,49.78978978978979,4894.606408210012
490,49.04904904904905,49.52452452452452,49.809809809809806,4904.596297999701
491,49.14914914914915,49.57457457457458,49.82982982982983,4914.596207819432
492,49.24924924924925,49.62462462462463,49.849849849849846,4924.606137669201
493,49.34934934934935,49.67467467467468,49.86986986986987,4934.626087549012
494,49.44944944944945,49.72472472472472,49.889889889889886,4944.65605745886
495,49.54954954954955,49.77477477477478,49.90990990990991,4954.69604739875
496,49.64964964964965,49.82482482482483,49.929929929929926,4964.74605736868
497,49.74974974974975,49.87487487487488,49.94994994994995,4974.806087368651
498,49.84984984984985,49.92492492492492,49.969969969969966,4984.87613739866
499,49.94994994994995,49.97497497497498,49.98998998998999,4994.95620745871
500,50.050050050050054,50.02502502502503,50.01001001001001,5005.046297548802
501,50.150150150150154,50.07507507507508,50.030030030030034,5015.146407668931
502,50.250250250250254,50.12512512512512,50.05005005005005,5025.2565378191
503,50.350350350350354,50.17517517517518,50.070070070070074,5035.376687999312
504,50.450450450450454,50.22522522522523,50.09009009009009,5045.506858209562
505,50.550550550550554,50.27527527527528,50.110110110110114,5055.647048449851
506,50.650650650650654,50.32532532532532,50.13013013013013,5065.797258720181
507,50.750750750750754,50.37537537537538,50.150150150150154,5075.957489020553
508,50.850850850850854,50.42542542542543,50.17017017017017,5086.127739350964
509,50.950950950950954,50.47547547547548,50.190190190190194,5096.308009711413
510,51.051051051051054,50.525525525525524,50.21021021021021,5106.498300101904
511,51.151151151151154,50.57557557557558,50.230230230230234,5116.698610522434
512,51.251251251251254,50.62562562562563,50.25025025025025,5126.908940973006
513,51.351351351351354,50.67567567567568,50.270270270270274,5137.129291453617
514,51.451451451451454,50.725725725725724,50.29029029029029,5147.359661964266
515,51.551551551551555,50.77577577577578,50.310310310310314,5157.600052504958
516,51.651651651651655,50.82582582582583,50.33033033033033,5167.850463075689
517,51.751751751751755,50.87587587587588,50.350350350350354,5178.110893676459
518,51.851851851851855,50.925925925925924,50.37037037037037,5188.38134430727
519,51.951951951951955,50.97597597597598,50.390390390390394,5198.661814968122
520,52.052052052052055,51.02602602602603,50.41041041041041,5208.952305659013
521,52.152152152152155,51.07607607607608,50.430430430430434,5219.252816379943
522,52.252252252252255,51.126126126126124,50.45045045045045,5229.563347130915
523,52.352352352352355,51.17617617617618,50.470470470470474,5239.883897911926
524,52.452452452452455,51.22622622622623,50.49049049049049,5250.2144687229775
525,52.552552552552555,51.27627627627628,50.510510510510514,5260.555059564069
526,52.652652652652655,51.326326326326324,50.53053053053053,5270.9056704352
527,52.752752752752755,51.37637637637638,50.550550550550554,5281.266301336372
528,52.852852852852855,51.42642642642643,50.57057057057057,5291.636952267584
529,52.952952952952955,51.47647647647648,50.590590590590594,5302.017623228835
530,53.053053053053056,51.526526526526524,50.61061061061061,5312.408314220125
531,53.153153153153156,51.57657657657658,50.630630630630634,5322.809025241458
532,53.253253253253256,51.62662662662663,50.65065065065065,5333.21975629283
533,53.353353353353356,51.67667667667668,50.670670670670674,5343.640507374242
534,53.453453453453456,51.726726726726724,50.69069069069069,5354.071278485692
535,53.553553553553556,51.77677677677678,50.710710710710714,5364.512069627185
536,53.653653653653656,51.82682682682683,50.73073073073073,5374.9628807987165
537,53.753753753753756,51.87687687687688,50.750750750750754,5385.423712000289
538,53.853853853853856,51.926926926926924,50.77077077077077,5395.894563231901
539,53.953953953953956,51.97697697697698,50.790790790790794,5406.375434493552
540,54.054054054054056,52.02702702702703,50.81081081081081,5416.866325785246
541,54.154154154154156,52.07707707707708,50.830830830830834,5427.367237106977
542,54.254254254254256,52.127127127127125,50.85085085085085,5437.878168458748
543,54.354354354354356,52.17717717717718,50.870870870870874,5448.399119840562
544,54.454454454454456,52.22722722722723,50.89089089089089,5458.930091252414
545,54.55455455455456,52.27727727727728,50.910910910910914,5469.471082694306
546,54.65465465465466,52.327327327327325,50.93093093093093,5480.022094166237
547,54.75475475475476,52.37737737737738,50.950950950950954,5490.583125668211
548,54.85485485485486,52.42742742742743,50.97097097097097,5501.154177200224
549,54.95495495495496,52.47747747747748,50.990990990990994,5511.735248762276
550,55.05505505505506,52.527527527527525,51.01101101101101,5522.326340354368
551,55.15515515515516,52.57757757757758,51.031031031031034,5532.9274519765
552,55.25525525525526,52.62762762762763,51.05105105105105,5543.538583628674
553,55.35535535535536,52.67767767767768,51.071071071071074,5554.159735310887
554,55.45545545545546,52.727727727727725,51.09109109109109,5564.790907023139
555,55.55555555555556,52.77777777777778,51.111111111111114,5575.432098765432
556,55.65565565565566,52.82782782782783,51.13113113113113,5586.083310537765
557,55.75575575575576,52.87787787787788,51.151151151151154,5596.744542340139
558,55.85585585585586,52.927927927927925,51.17117117117117,5607.415794172551
559,55.95595595595596,52.97797797797798,51.191191191191194,5618.097066035004
560,56.05605605605606,53.02802802802803,51.21121121121121,5628.7883579274985
561,56.15615615615616,53.07807807807808,51.231231231231234,5639.489669850031
562,56.25625625625626,53.128128128128125,51.25125125125125,5650.201001802603
563,56.35635635635636,53.17817817817818,51.271271271271274,5660.922353785218
564,56.45645645645646,53.22822822822823,51.29129129129129,5671.65372579787
565,56.55655655655656,53.27827827827828,51.311311311311314,5682.395117840563
566,56.65665665665666,53.328328328328325,51.33133133133133,5693.146529913297
567,56.75675675675676,53.37837837837838,51.351351351351354,5703.90796201607
568,56.85685685685686,53.42842842842843,51.37137137137137,5714.6794141488845
569,56.95695695695696,53.47847847847848,51.391391391391394,5725.460886311737
570,57.05705705705706,53.528528528528525,51.41141141141141,5736.25237850463
571,57.15715715715716,53.57857857857858,51.431431431431434,5747.053890727565
572,57.25725725725726,53.62862862862863,51.45145145145145,5757.865422980539
573,57.35735735735736,53.67867867867868,51.471471471471475,5768.686975263552
574,57.45745745745746,53.728728728728726,51.49149149149149,5779.518547576605
575,57.55755755755756,53.77877877877878,51.511511511511515,5790.3601399197
576,57.65765765765766,53.82882882882883,51.53153153153153,5801.211752292835
577,57.75775775775776,53.87887887887888,51.551551551551555,5812.073384696007
578,57.85785785785786,53.928928928928926,51.57157157157157,5822.945037129221
579,57.95795795795796,53.97897897897898,51.591591591591595,5833.826709592476
580,58.05805805805806,54.02902902902903,51.61161161161161,5844.71840208577
581,58.15815815815816,54.07907907907908,51.631631631631635,5855.620114609104
582,58.25825825825826,54.129129129129126,51.65165165165165,5866.531847162478
583,58.35835835835836,54.17917917917918,51.671671671671675,5877.4535997458925
584,58.45845845845846,54.22922922922923,51.69169169169169,5888.385372359347
585,58.55855855855856,54.27927927927928,51.711711711711715,5899.327165002841
586,58.65865865865866,54.329329329329326,51.73173173173173,5910.278977676375
587,58.75875875875876,54.37937937937938,51.751751751751755,5921.24081037995
588,58.85885885885886,54.42942942942943,51.77177177177177,5932.212663113565
589,58.95895895895896,54.47947947947948,51.791791791791795,5943.194535877218
590,59.05905905905906,54.529529529529526,51.81181181181181,5954.186428670912
591,59.15915915915916,54.57957957957958,51.831831831831835,5965.188341494649
592,59.25925925925926,54.62962962962963,51.85185185185185,5976.200274348423
593,59.35935935935936,54.67967967967968,51.871871871871875,5987.222227232238
594,59.45945945945946,54.729729729729726,51.89189189189189,5998.2542001460915
595,59.55955955955956,54.77977977977978,51.911911911911915,6009.296193089986
596,59.65965965965966,54.82982982982983,51.93193193193193,6020.348206063923
597,59.75975975975976,54.87987987987988,51.951951951951955,6031.410239067897
598,59.85985985985987,54.92992992992993,51.97197197197197,6042.482292101912
599,59.95995995995997,54.97997997997999,51.991991991991995,6053.5643651659675
600,60.06006006006007,55.030030030030034,52.01201201201201,6064.656458260063
601,60.16016016016017,55.08008008008008,52.032032032032035,6075.758571384197
602,60.26026026026027,55.130130130130134,52.05205205205205,6086.870704538373
603,60.36036036036037,55.18018018018019,52.072072072072075,6097.992857722589
604,60.46046046046047,55.230230230230234,52.09209209209209,6109.125030936843
605,60.56056056056057,55.28028028028028,52.112112112112115,6120.267224181138
606,60.66066066066067,55.330330330330334,52.13213213213213,6131.4194374554745
607,60.76076076076077,55.38038038038039,52.152152152152155,6142.581670759851
608,60.86086086086087,55.430430430430434,52.17217217217217,6153.753924094265
609,60.96096096096097,55.48048048048048,52.192192192192195,6164.93619745872
610,61.06106106106107,55.530530530530534,52.21221221221221,6176.128490853217
611,61.16116116116117,55.58058058058059,52.232232232232235,6187.330804277753
612,61.26126126126127,55.630630630630634,52.25225225225225,6198.5431377323275
613,61.36136136136137,55.68068068068068,52.272272272272275,6209.765491216943
614,61.46146146146147,55.730730730730734,52.29229229229229,6220.997864731598
615,61.56156156156157,55.78078078078079,52.312312312312315,6232.240258276296
616,61.66166166166167,55.830830830830834,52.33233233233233,6243.492671851031
617,61.76176176176177,55.88088088088088,52.352352352352355,6254.755105455805
618,61.86186186186187,55.930930930930934,52.37237237237237,6266.027559090623
619,61.96196196196197,55.98098098098099,52.392392392392395,6277.310032755479
620,62.06206206206207,56.031031031031034,52.41241241241241,6288.602526450375
621,62.16216216216217,56.08108108108108,52.432432432432435,6299.90504017531
622,62.26226226226227,56.131131131131134,52.45245245245245,6311.2175739302875
623,62.36236236236237,56.18118118118119,52.472472472472475,6322.540127715304
624,62.46246246246247,56.231231231231234,52.49249249249249,6333.872701530359
625,62.56256256256257,56.28128128128128,52.512512512512515,6345.215295375456
626,62.66266266266267,56.331331331331334,52.53253253253253,6356.5679092505925
627,62.76276276276277,56.38138138138139,52.552552552552555,6367.93054315577
628,62.86286286286287,56.431431431431434,52.57257257257257,6379.303197090986
629,62.96296296296297,56.48148148148148,52.592592592592595,6390.685871056241
630,63.06306306306307,56.531531531531535,52.61261261261261,6402.078565051538
631,63.16316316316317,56.58158158158159,52.632632632632635,6413.4812790768765
632,63.26326326326327,56.631631631631635,52.65265265265265,6424.894013132252
633,63.36336336336337,56.68168168168168,52.672672672672675,6436.316767217668
634,63.46346346346347,56.731731731731735,52.69269269269269,6447.749541333125
635,63.56356356356357,56.78178178178179,52.712712712712715,6459.192335478623
636,63.66366366366367,56.831831831831835,52.73273273273273,6470.6451496541595
637,63.76376376376377,56.88188188188188,52.752752752752755,6482.107983859735
638,63.86386386386387,56.931931931931935,52.77277277277277,6493.580838095354
639,63.96396396396397,56.98198198198199,52.792792792792795,6505.06371236101
640,64.06406406406407,57.032032032032035,52.81281281281281,6516.556606656707
641,64.16416416416416,57.08208208208208,52.832832832832835,6528.059520982444
642,64.26426426426427,57.132132132132135,52.852852852852855,6539.5724553382215
643,64.36436436436436,57.18218218218218,52.872872872872875,6551.095409724038
644,64.46446446446447,57.232232232232235,52.892892892892895,6562.628384139896
645,64.56456456456456,57.28228228228228,52.912912912912915,6574.171378585793
646,64.66466466466467,57.332332332332335,52.932932932932935,6585.7243930617315
647,64.76476476476476,57.38238238238238,52.952952952952955,6597.287427567708
648,64.86486486486487,57.432432432432435,52.972972972972975,6608.860482103726
649,64.96496496496496,57.48248248248248,52.992992992992995,6620.443556669782
650,65.06506506506507,57.532532532532535,53.013013013013015,6632.036651265881
651,65.16516516516516,57.58258258258258,53.033033033033036,6643.639765892018
652,65.26526526526527,57.632632632632635,53.053053053053056,6655.2529005481965
653,65.36536536536536,57.68268268268268,53.073073073073076,6666.876055234414
654,65.46546546546547,57.732732732732735,53.093093093093096,6678.509229950672
655,65.56556556556556,57.78278278278278,53.113113113113116,6690.152424696968
656,65.66566566566567,57.832832832832835,53.133133133133136,6701.8056394733085
657,65.76576576576576,57.88288288288288,53.153153153153156,6713.468874279685
658,65.86586586586587,57.932932932932935,53.173173173173176,6725.142129116103
659,65.96596596596596,57.98298298298298,53.193193193193196,6736.825403982561
660,66.06606606606607,58.033033033033036,53.213213213213216,6748.51869887906
661,66.16616616616616,58.08308308308308,53.233233233233236,6760.222013805597
662,66.26626626626627,58.133133133133136,53.253253253253256,6771.935348762176
663,66.36636636636636,58.18318318318318,53.273273273273276,6783.658703748794
664,66.46646646646647,58.233233233233236,53.293293293293296,6795.392078765452
665,66.56656656656656,58.28328328328328,53.313313313313316,6807.13547381215
666,66.66666666666667,58.333333333333336,53.333333333333336,6818.88888888889
667,66.76676676676676,58.38338338338338,53.353353353353356,6830.652323995667
668,66.86686686686687,58.433433433433436,53.373373373373376,6842.425779132486
669,66.96696696696696,58.48348348348348,53.393393393393396,6854.209254299344
670,67.06706706706707,58.533533533533536,53.413413413413416,6866.002749496243
671,67.16716716716716,58.58358358358358,53.433433433433436,6877.806264723182
672,67.26726726726727,58.633633633633636,53.453453453453456,6889.619799980161
673,67.36736736736736,58.68368368368368,53.473473473473476,6901.443355267179
674,67.46746746746747,58.733733733733736,53.493493493493496,6913.276930584238
675,67.56756756756756,58.78378378378378,53.513513513513516,6925.1205259313365
676,67.66766766766767,58.833833833833836,53.533533533533536,6936.974141308476
677,67.76776776776777,58.88388388388388,53.553553553553556,6948.8377767156535
678,67.86786786786787,58.933933933933936,53.573573573573576,6960.711432152874
679,67.96796796796797,58.98398398398398,53.593593593593596,6972.595107620133
680,68.06806806806807,59.034034034034036,53.613613613613616,6984.488803117432
681,68.16816816816817,59.08408408408408,53.633633633633636,6996.392518644771
682,68.26826826826827,59.134134134134136,53.653653653653656,7008.306254202151
683,68.36836836836838,59.18418418418419,53.673673673673676,7020.23000978957
684,68.46846846846847,59.234234234234236,53.693693693693696,7032.1637854070295
685,68.56856856856858,59.28428428428429,53.713713713713716,7044.10758105453
686,68.66866866866867,59.334334334334336,53.733733733733736,7056.061396732068
687,68.76876876876878,59.38438438438439,53.753753753753756,7068.025232439648
688,68.86886886886887,59.434434434434436,53.773773773773776,7079.999088177267
689,68.96896896896898,59.48448448448449,53.793793793793796,7091.982963944927
690,69.06906906906907,59.53453453453454,53.813813813813816,7103.9768597426255
691,69.16916916916918,59.58458458458459,53.833833833833836,7115.980775570367
692,69.26926926926927,59.63463463463464,53.853853853853856,7127.994711428145
693,69.36936936936938,59.68468468468469,53.873873873873876,7140.018667315966
694,69.46946946946947,59.73473473473474,53.893893893893896,7152.052643233826
695,69.56956956956958,59.78478478478479,53.913913913913916,7164.096639181726
696,69.66966966966967,59.83483483483484,53.933933933933936,7176.150655159665
697,69.76976976976978,59.88488488488489,53.953953953953956,7188.2146911676455
698,69.86986986986987,59.93493493493494,53.973973973973976,7200.288747205665
699,69.96996996996998,59.98498498498499,53.993993993993996,7212.372823273726
700,70.07007007007007,60.03503503503504,54.014014014014016,7224.466919371825
701,70.17017017017018,60.08508508508509,54.034034034034036,7236.571035499966
702,70.27027027027027,60.13513513513514,54.054054054054056,7248.685171658145
703,70.37037037037038,60.18518518518519,54.074074074074076,7260.809327846367
704,70.47047047047047,60.23523523523524,54.094094094094096,7272.943504064626
705,70.57057057057058,60.28528528528529,54.114114114114116,7285.087700312926
706,70.67067067067067,60.33533533533534,54.134134134134136,7297.241916591267
707,70.77077077077078,60.38538538538539,54.154154154154156,7309.406152899648
708,70.87087087087087,60.43543543543544,54.174174174174176,7321.580409238067
709,70.97097097097098,60.48548548548549,54.194194194194196,7333.764685606529
710,71.07107107107107,60.53553553553554,54.214214214214216,7345.958982005029
711,71.17117117117118,60.58558558558559,54.234234234234236,7358.16329843357
712,71.27127127127127,60.63563563563564,54.254254254254256,7370.377634892149
713,71.37137137137138,60.68568568568569,54.274274274274276,7382.601991380772
714,71.47147147147147,60.73573573573574,54.294294294294296,7394.836367899432
715,71.57157157157158,60.78578578578579,54.314314314314316,7407.080764448133
716,71.67167167167167,60.83583583583584,54.334334334334336,7419.335181026873
717,71.77177177177178,60.88588588588589,54.354354354354356,7431.599617635654
718,71.87187187187187,60.93593593593594,54.374374374374376,7443.874074274475
719,71.97197197197198,60.98598598598599,54.394394394394396,7456.158550943338
720,72.07207207207207,61.03603603603604,54.414414414414416,7468.453047642237
721,72.17217217217218,61.08608608608609,54.434434434434436,7480.75756437118
722,72.27227227227228,61.13613613613614,54.454454454454456,7493.072101130159
723,72.37237237237238,61.18618618618619,54.474474474474476,7505.396657919181
724,72.47247247247248,61.23623623623624,54.4944944944945,7517.731234738242
725,72.57257257257258,61.28628628628629,54.51451451451452,7530.0758315873445
726,72.67267267267268,61.33633633633634,54.53453453453454,7542.430448466484
727,72.77277277277278,61.38638638638639,54.55455455455456,7554.7950853756665
728,72.87287287287288,61.43643643643644,54.57457457457458,7567.169742314888
729,72.97297297297298,61.48648648648649,54.5945945945946,7579.55441928415
730,73.07307307307308,61.53653653653654,54.61461461461462,7591.94911628345
731,73.17317317317318,61.58658658658659,54.63463463463464,7604.3538333127935
732,73.27327327327328,61.63663663663664,54.65465465465466,7616.7685703721745
733,73.37337337337338,61.68668668668669,54.67467467467468,7629.193327461597
734,73.47347347347348,61.73673673673674,54.6946946946947,7641.628104581058
735,73.57357357357358,61.78678678678679,54.71471471471472,7654.072901730561
736,73.67367367367368,61.83683683683684,54.73473473473474,7666.527718910102
737,73.77377377377378,61.88688688688689,54.75475475475476,7678.992556119684
738,73.87387387387388,61.93693693693694,54.77477477477478,7691.467413359306
739,73.97397397397398,61.98698698698699,54.7947947947948,7703.9522906289685
740,74.07407407407408,62.03703703703704,54.81481481481482,7716.447187928669
741,74.17417417417418,62.08708708708709,54.83483483483484,7728.952105258413
742,74.27427427427428,62.13713713713714,54.85485485485486,7741.467042618194
743,74.37437437437438,62.18718718718719,54.87487487487488,7753.992000008017
744,74.47447447447448,62.23723723723724,54.8948948948949,7766.5269774278795
745,74.57457457457458,62.28728728728729,54.91491491491492,7779.071974877781
746,74.67467467467468,62.33733733733734,54.93493493493494,7791.626992357724
747,74.77477477477478,62.38738738738739,54.95495495495496,7804.192029867707
748,74.87487487487488,62.43743743743744,54.97497497497498,7816.767087407728
749,74.97497497497498,62.48748748748749,54.994994994995,7829.352164977792
750,75.07507507507508,62.53753753753754,55.01501501501502,7841.9472625778935
751,75.17517517517518,62.58758758758759,55.03503503503504,7854.552380208037
752,75.27527527527528,62.63763763763764,55.05505505505506,7867.167517868218
753,75.37537537537538,62.68768768768769,55.07507507507508,7879.792675558442
754,75.47547547547548,62.73773773773774,55.0950950950951,7892.427853278704
755,75.57557557557558,62.78778778778779,55.11511511511512,7905.073051029008
756,75.67567567567568,62.83783783783784,55.13513513513514,7917.72826880935
757,75.77577577577578,62.88788788788789,55.15515515515516,7930.393506619734
758,75.87587587587588,62.93793793793794,55.17517517517518,7943.068764460156
759,75.97597597597598,62.98798798798799,55.1951951951952,7955.75404233062
760,76.07607607607608,63.03803803803804,55.21521521521522,7968.449340231123
761,76.17617617617618,63.08808808808809,55.23523523523524,7981.154658161666
762,76.27627627627628,63.13813813813814,55.25525525525526,7993.869996122248
763,76.37637637637638,63.18818818818819,55.27527527527528,8006.595354112873
764,76.47647647647648,63.23823823823824,55.2952952952953,8019.330732133535
765,76.57657657657658,63.28828828828829,55.31531531531532,8032.076130184239
766,76.67667667667668,63.33833833833834,55.33533533533534,8044.831548264982
767,76.77677677677679,63.38838838838839,55.35535535535536,8057.5969863757655
768,76.87687687687688,63.43843843843844,55.37537537537538,8070.372444516589
769,76.97697697697699,63.48848848848849,55.3953953953954,8083.157922687454
770,77.07707707707708,63.53853853853854,55.41541541541542,8095.953420888355
771,77.17717717717719,63.58858858858859,55.43543543543544,8108.7589391193005
772,77.27727727727728,63.63863863863864,55.45545545545546,8121.5744773802835
773,77.37737737737739,63.68868868868869,55.47547547547548,8134.400035671308
774,77.47747747747748,63.73873873873874,55.4954954954955,8147.23561399237
775,77.57757757757759,63.78878878878879,55.51551551551552,8160.081212343475
776,77.67767767767768,63.83883883883884,55.53553553553554,8172.936830724618
777,77.77777777777779,63.88888888888889,55.55555555555556,8185.802469135803
778,77.87787787787788,63.93893893893894,55.57557557557558,8198.678127577026
779,77.97797797797799,63.98898898898899,55.5955955955956,8211.56380604829
780,78.07807807807808,64.03903903903904,55.61561561561562,8224.459504549595
781,78.17817817817819,64.0890890890891,55.63563563563564,8237.36522308094
782,78.27827827827828,64.13913913913913,55.65565565565566,8250.280961642322
783,78.37837837837839,64.1891891891892,55.67567567567568,8263.20672023375
784,78.47847847847848,64.23923923923924,55.6956956956957,8276.142498855212
785,78.57857857857859,64.28928928928929,55.71571571571572,8289.088297506716
786,78.67867867867868,64.33933933933935,55.73573573573574,8302.04411618826
787,78.77877877877879,64.3893893893894,55.75575575575576,8315.009954899846
788,78.87887887887888,64.43943943943944,55.77577577577578,8327.98581364147
789,78.97897897897899,64.4894894894895,55.7957957957958,8340.971692413137
790,79.07907907907908,64.53953953953953,55.81581581581582,8353.967591214836
791,79.17917917917919,64.5895895895896,55.83583583583584,8366.973510046582
792,79.27927927927928,64.63963963963964,55.85585585585586,8379.989448908367
793,79.37937937937939,64.68968968968969,55.87587587587588,8393.015407800192
794,79.47947947947948,64.73973973973975,55.8958958958959,8406.05138672206
795,79.57957957957959,64.7897897897898,55.91591591591592,8419.097385673964
796,79.67967967967968,64.83983983983984,55.93593593593594,8432.153404655908
797,79.77977977977979,64.8898898898899,55.95595595595596,8445.219443667895
798,79.87987987987988,64.93993993993993,55.97597597597598,8458.295502709914
799,79.97997997997999,64.98998998999,55.995995995996,8471.381581781983
800,80.08008008008008,65.04004004004004,56.01601601601602,8484.477680884089
801,80.18018018018019,65.09009009009009,56.03603603603604,8497.583800016231
802,80.28028028028028,65.14014014014015,56.05605605605606,8510.69993917842
803,80.38038038038039,65.1901901901902,56.07607607607608,8523.826098370642
804,80.48048048048048,65.24024024024024,56.0960960960961,8536.962277592907
805,80.58058058058059,65.2902902902903,56.11611611611612,8550.108476845217
806,80.68068068068068,65.34034034034033,56.13613613613614,8563.264696127557
807,80.78078078078079,65.3903903903904,56.15615615615616,8576.430935439945
808,80.88088088088088,65.44044044044044,56.17617617617618,8589.607194782371
809,80.98098098098099,65.49049049049049,56.1961961961962,8602.793474154834
810,81.08108108108108,65.54054054054055,56.21621621621622,8615.989773557343
811,81.18118118118119,65.5905905905906,56.23623623623624,8629.196092989887
812,81.28128128128128,65.64064064064064,56.25625625625626,8642.412432452473
813,81.38138138138139,65.6906906906907,56.27627627627628,8655.6387919451
814,81.48148148148148,65.74074074074073,56.2962962962963,8668.875171467764
815,81.58158158158159,65.7907907907908,56.31631631631632,8682.12157102047
816,81.68168168168168,65.84084084084084,56.33633633633634,8695.377990603214
817,81.78178178178179,65.89089089089089,56.35635635635636,8708.644430216
818,81.88188188188188,65.94094094094095,56.37637637637638,8721.92088985883
819,81.98198198198199,65.990990990991,56.3963963963964,8735.207369531696
820,82.08208208208208,66.04104104104104,56.41641641641642,8748.5038692346
821,82.18218218218219,66.0910910910911,56.43643643643644,8761.81038896755
822,82.28228228228228,66.14114114114113,56.45645645645646,8775.12692873053
823,82.38238238238239,66.1911911911912,56.47647647647648,8788.453488523559
824,82.48248248248248,66.24124124124124,56.4964964964965,8801.790068346625
825,82.58258258258259,66.29129129129129,56.51651651651652,8815.136668199732
826,82.68268268268268,66.34134134134135,56.53653653653654,8828.493288082878
827,82.78278278278279,66.3913913913914,56.55655655655656,8841.859927996065
828,82.88288288288288,66.44144144144144,56.57657657657658,8855.23658793929
829,82.98298298298299,66.4914914914915,56.5965965965966,8868.62326791256
830,83.08308308308308,66.54154154154153,56.61661661661662,8882.019967915863
831,83.18318318318319,66.5915915915916,56.63663663663664,8895.42668794921
832,83.28328328328328,66.64164164164164,56.65665665665666,8908.843428012597
833,83.38338338338339,66.69169169169169,56.67667667667668,8922.270188106024
834,83.48348348348348,66.74174174174175,56.6966966966967,8935.706968229491
835,83.58358358358359,66.7917917917918,56.71671671671672,8949.153768383
836,83.68368368368368,66.84184184184184,56.73673673673674,8962.610588566544
837,83.78378378378379,66.8918918918919,56.75675675675676,8976.077428780134
838,83.88388388388388,66.94194194194193,56.77677677677678,8989.554289023758
839,83.98398398398399,66.991991991992,56.7967967967968,9003.041169297427
840,84.08408408408408,67.04204204204204,56.81681681681682,9016.538069601133
841,84.18418418418419,67.09209209209209,56.83683683683684,9030.044989934877
842,84.28428428428428,67.14214214214215,56.85685685685686,9043.561930298669
843,84.38438438438439,67.1921921921922,56.87687687687688,9057.088890692496
844,84.48448448448448,67.24224224224224,56.8968968968969,9070.625871116363
845,84.58458458458459,67.2922922922923,56.91691691691692,9084.172871570272
846,84.68468468468468,67.34234234234233,56.93693693693694,9097.729892054214
847,84.78478478478479,67.3923923923924,56.95695695695696,9111.296932568204
848,84.88488488488488,67.44244244244244,56.97697697697698,9124.87399311223
849,84.98498498498499,67.49249249249249,56.996996996997,9138.461073686298
850,85.08508508508508,67.54254254254255,57.01701701701702,9152.058174290409
851,85.18518518518519,67.5925925925926,57.03703703703704,9165.665294924554
852,85.28528528528528,67.64264264264264,57.05705705705706,9179.282435588742
853,85.38538538538539,67.6926926926927,57.07707707707708,9192.90959628297
854,85.4854854854855,67.74274274274275,57.0970970970971,9206.54677700724
855,85.58558558558559,67.7927927927928,57.11711711711712,9220.193977761546
856,85.6856856856857,67.84284284284286,57.13713713713714,9233.851198545895
857,85.78578578578579,67.89289289289289,57.15715715715716,9247.51843936028
858,85.8858858858859,67.94294294294295,57.17717717717718,9261.195700204711
859,85.98598598598599,67.992992992993,57.1971971971972,9274.882981079178
860,86.0860860860861,68.04304304304304,57.21721721721722,9288.580281983684
861,86.18618618618619,68.0930930930931,57.23723723723724,9302.287602918235
862,86.2862862862863,68.14314314314315,57.25725725725726,9316.004943882823
863,86.38638638638639,68.1931931931932,57.27727727727728,9329.73230487745
864,86.4864864864865,68.24324324324326,57.2972972972973,9343.469685902122
865,86.58658658658659,68.29329329329329,57.31731731731732,9357.217086956825
866,86.6866866866867,68.34334334334335,57.33733733733734,9370.974508041576
867,86.78678678678679,68.3933933933934,57.35735735735736,9384.741949156363
868,86.8868868868869,68.44344344344344,57.37737737737738,9398.51941030119
869,86.98698698698699,68.4934934934935,57.3973973973974,9412.306891476064
870,87.0870870870871,68.54354354354355,57.41741741741742,9426.104392680973
871,87.18718718718719,68.5935935935936,57.43743743743744,9439.91191391592
872,87.2872872872873,68.64364364364366,57.45745745745746,9453.729455180908
873,87.38738738738739,68.69369369369369,57.47747747747748,9467.557016475934
874,87.4874874874875,68.74374374374375,57.4974974974975,9481.394597801005
875,87.58758758758759,68.7937937937938,57.51751751751752,9495.242199156115
876,87.6876876876877,68.84384384384384,57.53753753753754,9509.099820541263
877,87.78778778778779,68.8938938938939,57.55755755755756,9522.967461956454
878,87.8878878878879,68.94394394394395,57.57757757757758,9536.845123401681
879,87.98798798798799,68.993993993994,57.5975975975976,9550.732804876949
880,88.0880880880881,69.04404404404406,57.61761761761762,9564.630506382262
881,88.18818818818819,69.09409409409409,57.63763763763764,9578.538227917606
882,88.2882882882883,69.14414414414415,57.65765765765766,9592.455969482999
883,88.38838838838839,69.1941941941942,57.67767767767768,9606.383731078427
884,88.4884884884885,69.24424424424424,57.6976976976977,9620.321512703895
885,88.58858858858859,69.2942942942943,57.71771771771772,9634.269314359408
886,88.6886886886887,69.34434434434435,57.73773773773774,9648.227136044956
887,88.78878878878879,69.3943943943944,57.75775775775776,9662.194977760544
888,88.8888888888889,69.44444444444446,57.77777777777778,9676.172839506176
889,88.988988988989,69.49449449449449,57.7977977977978,9690.160721281842
890,89.0890890890891,69.54454454454455,57.81781781781782,9704.158623087553
891,89.1891891891892,69.5945945945946,57.83783783783784,9718.166544923302
892,89.2892892892893,69.64464464464464,57.85785785785786,9732.18448678909
893,89.3893893893894,69.6946946946947,57.87787787787788,9746.212448684924
894,89.4894894894895,69.74474474474475,57.8978978978979,9760.250430610793
895,89.5895895895896,69.7947947947948,57.91791791791792,9774.298432566702
896,89.6896896896897,69.84484484484486,57.93793793793794,9788.356454552653
897,89.7897897897898,69.89489489489489,57.95795795795796,9802.424496568638
898,89.8898898898899,69.94494494494495,57.97797797797798,9816.502558614671
899,89.98998998999,69.994994994995,57.997997997998,9830.590640690742
900,90.0900900900901,70.04504504504504,58.01801801801802,9844.68874279685
901,90.1901901901902,70.0950950950951,58.03803803803804,9858.796864933005
902,90.2902902902903,70.14514514514515,58.05805805805806,9872.915007099193
903,90.3903903903904,70.1951951951952,58.07807807807808,9887.04316929542
904,90.4904904904905,70.24524524524526,58.0980980980981,9901.181351521695
905,90.5905905905906,70.29529529529529,58.11811811811812,9915.329553778001
906,90.6906906906907,70.34534534534535,58.13813813813814,9929.487776064356
907,90.7907907907908,70.3953953953954,58.15815815815816,9943.656018380743
908,90.8908908908909,70.44544544544544,58.17817817817818,9957.834280727173
909,90.990990990991,70.4954954954955,58.1981981981982,9972.022563103646
910,91.0910910910911,70.54554554554555,58.21821821821822,9986.220865510157
911,91.1911911911912,70.5955955955956,58.23823823823824,10000.429187946707
912,91.2912912912913,70.64564564564566,58.25825825825826,10014.6475304133
913,91.3913913913914,70.69569569569569,58.27827827827828,10028.875892909926
914,91.4914914914915,70.74574574574575,58.2982982982983,10043.1142754366
915,91.5915915915916,70.7957957957958,58.31831831831832,10057.36267799331
916,91.6916916916917,70.84584584584584,58.33833833833834,10071.62110058006
917,91.7917917917918,70.8958958958959,58.35835835835836,10085.889543196852
918,91.8918918918919,70.94594594594595,58.37837837837838,10100.168005843683
919,91.991991991992,70.995995995996,58.3983983983984,10114.456488520553
920,92.0920920920921,71.04604604604606,58.41841841841842,10128.754991227468
921,92.1921921921922,71.09609609609609,58.43843843843844,10143.063513964413
922,92.2922922922923,71.14614614614615,58.45845845845846,10157.382056731407
923,92.3923923923924,71.1961961961962,58.47847847847848,10171.710619528438
924,92.4924924924925,71.24624624624624,58.4984984984985,10186.049202355509
925,92.5925925925926,71.2962962962963,58.51851851851852,10200.397805212624
926,92.6926926926927,71.34634634634635,58.53853853853854,10214.756428099774
927,92.7927927927928,71.3963963963964,58.55855855855856,10229.125071016964
928,92.8928928928929,71.44644644644646,58.57857857857858,10243.503733964197
929,92.992992992993,71.49649649649649,58.5985985985986,10257.892416941464
930,93.0930930930931,71.54654654654655,58.61861861861862,10272.291119948779
931,93.1931931931932,71.5965965965966,58.63863863863864,10286.69984298613
932,93.2932932932933,71.64664664664664,58.65865865865866,10301.11858605352
933,93.3933933933934,71.6966966966967,58.67867867867868,10315.547349150957
934,93.4934934934935,71.74674674674675,58.6986986986987,10329.986132278425
935,93.5935935935936,71.7967967967968,58.71871871871872,10344.434935435936
936,93.6936936936937,71.84684684684686,58.73873873873874,10358.893758623492
937,93.7937937937938,71.89689689689689,58.75875875875876,10373.362601841078
938,93.8938938938939,71.94694694694695,58.77877877877878,10387.841465088713
939,93.993993993994,71.996996996997,58.7987987987988,10402.330348366386
940,94.0940940940941,72.04704704704704,58.81881881881882,10416.829251674095
941,94.1941941941942,72.0970970970971,58.83883883883884,10431.338175011851
942,94.2942942942943,72.14714714714715,58.85885885885886,10445.857118379641
943,94.3943943943944,72.1971971971972,58.87887887887888,10460.386081777473
944,94.4944944944945,72.24724724724726,58.8988988988989,10474.925065205349
945,94.5945945945946,72.29729729729729,58.91891891891892,10489.474068663258
946,94.6946946946947,72.34734734734735,58.93893893893894,10504.033092151212
947,94.7947947947948,72.3973973973974,58.95895895895896,10518.602135669202
948,94.8948948948949,72.44744744744744,58.97897897897898,10533.181199217233
949,94.994994994995,72.4974974974975,58.998998998999,10547.77028279531
950,95.0950950950951,72.54754754754755,59.01901901901902,10562.369386403423
951,95.1951951951952,72.5975975975976,59.03903903903904,10576.978510041574
952,95.2952952952953,72.64764764764766,59.05905905905906,10591.597653709769
953,95.3953953953954,72.69769769769769,59.07907907907908,10606.226817407996
954,95.4954954954955,72.74774774774775,59.0990990990991,10620.866001136272
955,95.5955955955956,72.7977977977978,59.11911911911912,10635.515204894586
956,95.6956956956957,72.84784784784785,59.13913913913914,10650.174428682938
957,95.7957957957958,72.8978978978979,59.15915915915916,10664.843672501333
958,95.8958958958959,72.94794794794795,59.17917917917918,10679.522936349766
959,95.995995995996,72.997997997998,59.1991991991992,10694.212220228235
960,96.0960960960961,73.04804804804806,59.21921921921922,10708.911524136753
961,96.1961961961962,73.09809809809809,59.23923923923924,10723.620848075301
962,96.2962962962963,73.14814814814815,59.25925925925926,10738.340192043897
963,96.3963963963964,73.1981981981982,59.27927927927928,10753.06955604253
964,96.4964964964965,73.24824824824825,59.2992992992993,10767.808940071202
965,96.5965965965966,73.2982982982983,59.31931931931932,10782.558344129917
966,96.6966966966967,73.34834834834835,59.33933933933934,10797.31776821867
967,96.7967967967968,73.3983983983984,59.35935935935936,10812.087212337461
968,96.8968968968969,73.44844844844846,59.37937937937938,10826.8666764863
969,96.996996996997,73.49849849849849,59.3993993993994,10841.656160665168
970,97.0970970970971,73.54854854854855,59.41941941941942,10856.455664874085
971,97.1971971971972,73.5985985985986,59.43943943943944,10871.265189113037
972,97.2972972972973,73.64864864864865,59.45945945945946,10886.08473338203
973,97.3973973973974,73.6986986986987,59.47947947947948,10900.914297681065
974,97.4974974974975,73.74874874874875,59.4994994994995,10915.75388201014
975,97.5975975975976,73.7987987987988,59.51951951951952,10930.603486369253
976,97.6976976976977,73.84884884884886,59.53953953953954,10945.46311075841
977,97.7977977977978,73.89889889889889,59.55955955955956,10960.332755177598
978,97.8978978978979,73.94894894894895,59.57957957957958,10975.212419626834
979,97.997997997998,73.998998998999,59.5995995995996,10990.102104106109
980,98.0980980980981,74.04904904904905,59.61961961961962,11005.001808615421
981,98.1981981981982,74.0990990990991,59.63963963963964,11019.91153315478
982,98.2982982982983,74.14914914914915,59.65965965965966,11034.831277724172
983,98.3983983983984,74.1991991991992,59.67967967967968,11049.761042323606
984,98.4984984984985,74.24924924924926,59.6996996996997,11064.700826953082
985,98.5985985985986,74.29929929929929,59.71971971971972,11079.65063161259
986,98.6986986986987,74.34934934934935,59.73973973973974,11094.610456302149
987,98.7987987987988,74.3993993993994,59.75975975975976,11109.580301021742
988,98.8988988988989,74.44944944944945,59.77977977977978,11124.560165771376
989,98.998998998999,74.4994994994995,59.7997997997998,11139.550050551054
990,99.0990990990991,74.54954954954955,59.81981981981982,11154.549955360766
991,99.1991991991992,74.5995995995996,59.83983983983984,11169.55988020052
992,99.2992992992993,74.64964964964966,59.85985985985986,11184.579825070317
993,99.3993993993994,74.69969969969969,59.87987987987988,11199.609789970147
994,99.4994994994995,74.74974974974975,59.8998998998999,11214.649774900026
995,99.5995995995996,74.7997997997998,59.91991991991992,11229.69977985994
996,99.6996996996997,74.84984984984985,59.93993993993994,11244.759804849893
997,99.7997997997998,74.8998998998999,59.95995995995996,11259.829849869891
998,99.8998998998999,74.94994994994995,59.97997997997998,11274.909914919925
999,100.0,75.0,60.0,11290.0
